epoch,categorical_accuracy,loss,lr,val_categorical_accuracy,val_loss
0,0.6493056,0.625748113349632,1e-04,0.6145833,0.6826821698082818
1,0.7230047,0.5511121349715291,1e-04,0.76717556,0.5278075105614133
